Workbook

Sheet Dashboard_Final
A1: DARK STORE PERFORMANCE ANALYTICS
A3: Interactive Excel Dashboard • Store Operations • Cost • Capacity
A5: STORE FILTER | B5: All Stores
A7: TOTAL STORES | C7: MONTHLY RENT | E7: AVG / SELECTED SQFT | G7: TOTAL STAFF | I7: COLD STORAGE | K7: RENT / SQFT
A8: =IF($B$5="All Stores",COUNTA(Dark_Stores_Clean!$A$2:$A$11),1) -> 10 | C8: =IF($B$5="All Stores",SUM(Dark_Stores_Clean!$F$2:$F$11),INDEX(Dark_Stores_Clean!$F$2:$F$11,MATCH($B$5,Dark_Stores_Clean!$B$2:$B$11,0))) -> 1738000 | E8: =IF($B$5="All Stores",AVERAGE(Dark_Stores_Clean!$E$2:$E$11),INDEX(Dark_Stores_Clean!$E$2:$E$11,MATCH($B$5,Dark_Stores_Clean!$B$2:$B$11,0))) -> 2040 | G8: =IF($B$5="All Stores",SUM(Dark_Stores_Clean!$G$2:$G$11),INDEX(Dark_Stores_Clean!$G$2:$G$11,MATCH($B$5,Dark_Stores_Clean!$B$2:$B$11,0))) -> 118 | I8: =IF($B$5="All Stores",SUM(Dark_Stores_Clean!$H$2:$H$11),INDEX(Dark_Stores_Clean!$H$2:$H$11,MATCH($B$5,Dark_Stores_Clean!$B$2:$B$11,0))) -> 7690 | K8: =IF($B$5="All Stores",SUM(Dark_Stores_Clean!$F$2:$F$11)/SUM(Dark_Stores_Clean!$E$2:$E$11),INDEX(Dark_Stores_Clean!$F$2:$F$11,MATCH($B$5,Dark_Stores_Clean!$B$2:$B$11,0))/INDEX(Dark_Stores_Clean!$E$2:$E$11,MATCH($B$5,Dark_Stores_Clean!$B$2:$B$11,0))) -> 85.196078
A11: STORE COST & CAPACITY | G11: OPERATIONAL MIX
A12: Store | B12: Monthly Rent | C12: Rent / Sqft | D12: Cold Storage | E12: Staff
A13: =IF($B$5="All Stores",Dark_Stores_Clean!B2,IF(ROW()-12=1,$B$5,"")) -> Sector 18 Hub | B13: =IF($A13="","",INDEX(Dark_Stores_Clean!F$2:F$11,MATCH($A13,Dark_Stores_Clean!B$2:B$11,0))) -> 178000 | C13: =IF($A13="","",INDEX(Dashboard_Data!J$2:J$11,MATCH($A13,Dashboard_Data!B$2:B$11,0))) -> 80.91 | D13: =IF($A13="","",INDEX(Dark_Stores_Clean!H$2:H$11,MATCH($A13,Dark_Stores_Clean!B$2:B$11,0))) -> 900 | E13: =IF($A13="","",INDEX(Dark_Stores_Clean!G$2:G$11,MATCH($A13,Dark_Stores_Clean!B$2:B$11,0))) -> 14
A14: =IF($B$5="All Stores",Dark_Stores_Clean!B3,IF(ROW()-12=1,$B$5,"")) -> Sector 62 Express | B14: =IF($A14="","",INDEX(Dark_Stores_Clean!F$2:F$11,MATCH($A14,Dark_Stores_Clean!B$2:B$11,0))) -> 162000 | C14: =IF($A14="","",INDEX(Dashboard_Data!J$2:J$11,MATCH($A14,Dashboard_Data!B$2:B$11,0))) -> 85.26 | D14: =IF($A14="","",INDEX(Dark_Stores_Clean!H$2:H$11,MATCH($A14,Dark_Stores_Clean!B$2:B$11,0))) -> 800 | E14: =IF($A14="","",INDEX(Dark_Stores_Clean!G$2:G$11,MATCH($A14,Dark_Stores_Clean!B$2:B$11,0))) -> 12
A15: =IF($B$5="All Stores",Dark_Stores_Clean!B4,IF(ROW()-12=1,$B$5,"")) -> Sector 137 Riverside | B15: =IF($A15="","",INDEX(Dark_Stores_Clean!F$2:F$11,MATCH($A15,Dark_Stores_Clean!B$2:B$11,0))) -> 196000 | C15: =IF($A15="","",INDEX(Dashboard_Data!J$2:J$11,MATCH($A15,Dashboard_Data!B$2:B$11,0))) -> 93.33 | D15: =IF($A15="","",INDEX(Dark_Stores_Clean!H$2:H$11,MATCH($A15,Dark_Stores_Clean!B$2:B$11,0))) -> 850 | E15: =IF($A15="","",INDEX(Dark_Stores_Clean!G$2:G$11,MATCH($A15,Dark_Stores_Clean!B$2:B$11,0))) -> 13
A16: =IF($B$5="All Stores",Dark_Stores_Clean!B5,IF(ROW()-12=1,$B$5,"")) -> Greater Noida Alpha | B16: =IF($A16="","",INDEX(Dark_Stores_Clean!F$2:F$11,MATCH($A16,Dark_Stores_Clean!B$2:B$11,0))) -> 152000 | C16: =IF($A16="","",INDEX(Dashboard_Data!J$2:J$11,MATCH($A16,Dashboard_Data!B$2:B$11,0))) -> 76 | D16: =IF($A16="","",INDEX(Dark_Stores_Clean!H$2:H$11,MATCH($A16,Dark_Stores_Clean!B$2:B$11,0))) -> 820 | E16: =IF($A16="","",INDEX(Dark_Stores_Clean!G$2:G$11,MATCH($A16,Dark_Stores_Clean!B$2:B$11,0))) -> 12
A17: =IF($B$5="All Stores",Dark_Stores_Clean!B6,IF(ROW()-12=1,$B$5,"")) -> Sector 76 Central | B17: =IF($A17="","",INDEX(Dark_Stores_Clean!F$2:F$11,MATCH($A17,Dark_Stores_Clean!B$2:B$11,0))) -> 181000 | C17: =IF($A17="","",INDEX(Dashboard_Data!J$2:J$11,MATCH($A17,Dashboard_Data!B$2:B$11,0))) -> 100.56 | D17: =IF($A17="","",INDEX(Dark_Stores_Clean!H$2:H$11,MATCH($A17,Dark_Stores_Clean!B$2:B$11,0))) -> 700 | E17: =IF($A17="","",INDEX(Dark_Stores_Clean!G$2:G$11,MATCH($A17,Dark_Stores_Clean!B$2:B$11,0))) -> 11
A18: =IF($B$5="All Stores",Dark_Stores_Clean!B7,IF(ROW()-12=1,$B$5,"")) -> Noida Extension North | B18: =IF($A18="","",INDEX(Dark_Stores_Clean!F$2:F$11,MATCH($A18,Dark_Stores_Clean!B$2:B$11,0))) -> 158000 | C18: =IF($A18="","",INDEX(Dashboard_Data!J$2:J$11,MATCH($A18,Dashboard_Data!B$2:B$11,0))) -> 68.7 | D18: =IF($A18="","",INDEX(Dark_Stores_Clean!H$2:H$11,MATCH($A18,Dark_Stores_Clean!B$2:B$11,0))) -> 950 | E18: =IF($A18="","",INDEX(Dark_Stores_Clean!G$2:G$11,MATCH($A18,Dark_Stores_Clean!B$2:B$11,0))) -> 15
A19: =IF($B$5="All Stores",Dark_Stores_Clean!B8,IF(ROW()-12=1,$B$5,"")) -> Sector 44 Metro | B19: =IF($A19="","",INDEX(Dark_Stores_Clean!F$2:F$11,MATCH($A19,Dark_Stores_Clean!B$2:B$11,0))) -> 228000 | C19: =IF($A19="","",INDEX(Dashboard_Data!J$2:J$11,MATCH($A19,Dashboard_Data!B$2:B$11,0))) -> 95 | D19: =IF($A19="","",INDEX(Dark_Stores_Clean!H$2:H$11,MATCH($A19,Dark_Stores_Clean!B$2:B$11,0))) -> 380 | E19: =IF($A19="","",INDEX(Dark_Stores_Clean!G$2:G$11,MATCH($A19,Dark_Stores_Clean!B$2:B$11,0))) -> 16
A20: =IF($B$5="All Stores",Dark_Stores_Clean!B9,IF(ROW()-12=1,$B$5,"")) -> Sector 104 Gardens | B20: =IF($A20="","",INDEX(Dark_Stores_Clean!F$2:F$11,MATCH($A20,Dark_Stores_Clean!B$2:B$11,0))) -> 146000 | C20: =IF($A20="","",INDEX(Dashboard_Data!J$2:J$11,MATCH($A20,Dashboard_Data!B$2:B$11,0))) -> 85.88 | D20: =IF($A20="","",INDEX(Dark_Stores_Clean!H$2:H$11,MATCH($A20,Dark_Stores_Clean!B$2:B$11,0))) -> 700 | E20: =IF($A20="","",INDEX(Dark_Stores_Clean!G$2:G$11,MATCH($A20,Dark_Stores_Clean!B$2:B$11,0))) -> 0
A21: =IF($B$5="All Stores",Dark_Stores_Clean!B10,IF(ROW()-12=1,$B$5,"")) -> Sector 150 Sports City | B21: =IF($A21="","",INDEX(Dark_Stores_Clean!F$2:F$11,MATCH($A21,Dark_Stores_Clean!B$2:B$11,0))) -> 172000 | C21: =IF($A21="","",INDEX(Dashboard_Data!J$2:J$11,MATCH($A21,Dashboard_Data!B$2:B$11,0))) -> 80 | D21: =IF($A21="","",INDEX(Dark_Stores_Clean!H$2:H$11,MATCH($A21,Dark_Stores_Clean!B$2:B$11,0))) -> 830 | E21: =IF($A21="","",INDEX(Dark_Stores_Clean!G$2:G$11,MATCH($A21,Dark_Stores_Clean!B$2:B$11,0))) -> 13
A22: =IF($B$5="All Stores",Dark_Stores_Clean!B11,IF(ROW()-12=1,$B$5,"")) -> Sector 51 Junction | B22: =IF($A22="","",INDEX(Dark_Stores_Clean!F$2:F$11,MATCH($A22,Dark_Stores_Clean!B$2:B$11,0))) -> 165000 | C22: =IF($A22="","",INDEX(Dashboard_Data!J$2:J$11,MATCH($A22,Dashboard_Data!B$2:B$11,0))) -> 89.19 | D22: =IF($A22="","",INDEX(Dark_Stores_Clean!H$2:H$11,MATCH($A22,Dark_Stores_Clean!B$2:B$11,0))) -> 760 | E22: =IF($A22="","",INDEX(Dark_Stores_Clean!G$2:G$11,MATCH($A22,Dark_Stores_Clean!B$2:B$11,0))) -> 12
A38: QUICK INSIGHTS
A39: Use the STORE FILTER above to switch between the full network and an individual store. The KPI cards and store detail table update automatically. | G39: Dashboard scope: 10 stores in the supplied workbook. Staff total uses the available non-blank staff values, matching the source data.
A43: DESIGN THEME • LIGHT BLUE • EXECUTIVE ANALYTICS • INTERACTIVE STORE FILTER

Sheet Dashboard
A1: DARK STORE PERFORMANCE ANALYTICS
A4: TOTAL STORES | C4: TOTAL MONTHLY RENT | E4: AVG STORE SIZE | G4: TOTAL STAFF | I4: TOTAL COLD STORAGE
A5: 10 | C5: 1738000 | E5: 2040 | G5: 118 | I5: 7690
A9: Store | B9: Monthly Rent | C9: Rent / Sqft | D9: Cold Storage | E9: Staff
A10: Sector 18 Hub | B10: 178000 | C10: =ROUND(B10/Dashboard_Data!E2,2) -> 80.91 | D10: 900 | E10: 14
A11: Sector 62 Express | B11: 162000 | C11: =ROUND(B11/Dashboard_Data!E3,2) -> 85.26 | D11: 800 | E11: 12
A12: Sector 137 Riverside | B12: 196000 | C12: =ROUND(B12/Dashboard_Data!E4,2) -> 93.33 | D12: 850 | E12: 13
A13: Greater Noida Alpha | B13: 152000 | C13: =ROUND(B13/Dashboard_Data!E5,2) -> 76 | D13: 820 | E13: 12
A14: Sector 76 Central | B14: 181000 | C14: =ROUND(B14/Dashboard_Data!E6,2) -> 100.56 | D14: 700 | E14: 11
A15: Noida Extension North | B15: 158000 | C15: =ROUND(B15/Dashboard_Data!E7,2) -> 68.7 | D15: 950 | E15: 15
A16: Sector 44 Metro | B16: 228000 | C16: =ROUND(B16/Dashboard_Data!E8,2) -> 95 | D16: 380 | E16: 16
A17: Sector 104 Gardens | B17: 146000 | C17: =ROUND(B17/Dashboard_Data!E9,2) -> 85.88 | D17: 700
A18: Sector 150 Sports City | B18: 172000 | C18: =ROUND(B18/Dashboard_Data!E10,2) -> 80 | D18: 830 | E18: 13
A19: Sector 51 Junction | B19: 165000 | C19: =ROUND(B19/Dashboard_Data!E11,2) -> 89.19 | D19: 760 | E19: 12
A22: Source note: this file uses the 10 store rows visible in the supplied Power Query screenshot. S08 has a blank staff_count, so the total staff KPI excludes that missing value. The complete 70-row Store_Hours source was not available as a file here, so it has not been invented.

Sheet Dark_Stores_Clean
A1: store_id | B1: store_name | C1: pincode | D1: opened_date | E1: sqft | F1: monthly_rent | G1: staff_count | H1: cold_storage_capacity | I1: city
A2: S01 | B2: Sector 18 Hub | C2: 201301 | D2: 6/15/2025 | E2: 2200 | F2: 178000 | G2: 14 | H2: 900 | I2: Noida
A3: S02 | B3: Sector 62 Express | C3: 201309 | D3: 7/1/2025 | E3: 1900 | F3: 162000 | G3: 12 | H3: 800 | I3: Noida
A4: S03 | B4: Sector 137 Riverside | C4: 201305 | D4: 8/10/2025 | E4: 2100 | F4: 196000 | G4: 13 | H4: 850 | I4: Noida
A5: S04 | B5: Greater Noida Alpha | C5: 201310 | D5: 9/5/2025 | E5: 2000 | F5: 152000 | G5: 12 | H5: 820 | I5: Noida
A6: S05 | B6: Sector 76 Central | C6: 201304 | D6: 9/20/2025 | E6: 1800 | F6: 181000 | G6: 11 | H6: 700 | I6: Noida
A7: S06 | B7: Noida Extension North | C7: 201306 | D7: 10/11/2025 | E7: 2300 | F7: 158000 | G7: 15 | H7: 950 | I7: Noida
A8: S07 | B8: Sector 44 Metro | C8: 201303 | D8: 6/28/2025 | E8: 2400 | F8: 228000 | G8: 16 | H8: 380 | I8: Noida
A9: S08 | B9: Sector 104 Gardens | C9: 201304 | D9: 11/2/2025 | E9: 1700 | F9: 146000 | H9: 700 | I9: Noida
A10: S09 | B10: Sector 150 Sports City | C10: 201310 | D10: 6/15/2025 | E10: 2150 | F10: 172000 | G10: 13 | H10: 830 | I10: Noida
A11: S10 | B11: Sector 51 Junction | C11: 201301 | D11: 2/8/2026 | E11: 1850 | F11: 165000 | G11: 12 | H11: 760 | I11: Noida

Sheet Dashboard_Data
A1: store_id | B1: store_name | C1: pincode | D1: opened_date | E1: sqft | F1: monthly_rent | G1: staff_count | H1: cold_storage_capacity | I1: city | J1: rent_per_sqft | K1: cold_storage_percent
A2: S01 | B2: Sector 18 Hub | C2: 201301 | D2: 6/15/2025 | E2: 2200 | F2: 178000 | G2: 14 | H2: 900 | I2: Noida | J2: =ROUND(F2/E2,2) -> 80.91 | K2: =ROUND(H2/E2*100,2) -> 40.91
A3: S02 | B3: Sector 62 Express | C3: 201309 | D3: 7/1/2025 | E3: 1900 | F3: 162000 | G3: 12 | H3: 800 | I3: Noida | J3: =ROUND(F3/E3,2) -> 85.26 | K3: =ROUND(H3/E3*100,2) -> 42.11
A4: S03 | B4: Sector 137 Riverside | C4: 201305 | D4: 8/10/2025 | E4: 2100 | F4: 196000 | G4: 13 | H4: 850 | I4: Noida | J4: =ROUND(F4/E4,2) -> 93.33 | K4: =ROUND(H4/E4*100,2) -> 40.48
A5: S04 | B5: Greater Noida Alpha | C5: 201310 | D5: 9/5/2025 | E5: 2000 | F5: 152000 | G5: 12 | H5: 820 | I5: Noida | J5: =ROUND(F5/E5,2) -> 76 | K5: =ROUND(H5/E5*100,2) -> 41
A6: S05 | B6: Sector 76 Central | C6: 201304 | D6: 9/20/2025 | E6: 1800 | F6: 181000 | G6: 11 | H6: 700 | I6: Noida | J6: =ROUND(F6/E6,2) -> 100.56 | K6: =ROUND(H6/E6*100,2) -> 38.89
A7: S06 | B7: Noida Extension North | C7: 201306 | D7: 10/11/2025 | E7: 2300 | F7: 158000 | G7: 15 | H7: 950 | I7: Noida | J7: =ROUND(F7/E7,2) -> 68.7 | K7: =ROUND(H7/E7*100,2) -> 41.3
A8: S07 | B8: Sector 44 Metro | C8: 201303 | D8: 6/28/2025 | E8: 2400 | F8: 228000 | G8: 16 | H8: 380 | I8: Noida | J8: =ROUND(F8/E8,2) -> 95 | K8: =ROUND(H8/E8*100,2) -> 15.83
A9: S08 | B9: Sector 104 Gardens | C9: 201304 | D9: 11/2/2025 | E9: 1700 | F9: 146000 | H9: 700 | I9: Noida | J9: =ROUND(F9/E9,2) -> 85.88 | K9: =ROUND(H9/E9*100,2) -> 41.18
A10: S09 | B10: Sector 150 Sports City | C10: 201310 | D10: 6/15/2025 | E10: 2150 | F10: 172000 | G10: 13 | H10: 830 | I10: Noida | J10: =ROUND(F10/E10,2) -> 80 | K10: =ROUND(H10/E10*100,2) -> 38.6
A11: S10 | B11: Sector 51 Junction | C11: 201301 | D11: 2/8/2026 | E11: 1850 | F11: 165000 | G11: 12 | H11: 760 | I11: Noida | J11: =ROUND(F11/E11,2) -> 89.19 | K11: =ROUND(H11/E11*100,2) -> 41.08

Sheet README
A1: Dark Store Analytics — Power BI Ready Workbook
A3: This workbook contains the store data, calculated analysis fields, and a dashboard-style summary.
A4: Important: it is an Excel workbook, not a native .PBIX file.
A6: Recommended Power BI visuals:
A7: • KPI cards: Total Stores, Total Monthly Rent, Average Store Size, Total Staff, Total Cold Storage
A8: • Bar chart: Monthly Rent by Store
A9: • Column chart: Cold Storage Capacity by Store
A10: • Bar chart: Rent per Sqft by Store
A11: • Slicers: Store Name, City, Opened Date
A13: Dashboard_Final was added as a polished interactive dashboard. Use the Store Filter dropdown on the dashboard.

Sheet Dashboard_Helper
A1: Store | B1: Monthly Rent | C1: Sqft | D1: Staff | E1: Cold Storage | F1: Rent/Sqft | H1: Selected Store | I1: Value
A2: Sector 18 Hub | B2: 178000 | C2: 2200 | D2: 14 | E2: 900 | F2: =ROUND(B2/C2,2) -> 80.91 | H2: Monthly Rent | I2: =IF(Dashboard_Final!$B$5="All Stores",SUM(B2:B11),INDEX(B2:B11,MATCH(Dashboard_Final!$B$5,A2:A11,0))) -> 1738000
A3: Sector 62 Express | B3: 162000 | C3: 1900 | D3: 12 | E3: 800 | F3: =ROUND(B3/C3,2) -> 85.26 | H3: Sqft | I3: =IF(Dashboard_Final!$B$5="All Stores",AVERAGE(C2:C11),INDEX(C2:C11,MATCH(Dashboard_Final!$B$5,A2:A11,0))) -> 2040
A4: Sector 137 Riverside | B4: 196000 | C4: 2100 | D4: 13 | E4: 850 | F4: =ROUND(B4/C4,2) -> 93.33 | H4: Staff | I4: =IF(Dashboard_Final!$B$5="All Stores",SUM(D2:D11),INDEX(D2:D11,MATCH(Dashboard_Final!$B$5,A2:A11,0))) -> 118
A5: Greater Noida Alpha | B5: 152000 | C5: 2000 | D5: 12 | E5: 820 | F5: =ROUND(B5/C5,2) -> 76 | H5: Cold Storage | I5: =IF(Dashboard_Final!$B$5="All Stores",SUM(E2:E11),INDEX(E2:E11,MATCH(Dashboard_Final!$B$5,A2:A11,0))) -> 7690
A6: Sector 76 Central | B6: 181000 | C6: 1800 | D6: 11 | E6: 700 | F6: =ROUND(B6/C6,2) -> 100.56
A7: Noida Extension North | B7: 158000 | C7: 2300 | D7: 15 | E7: 950 | F7: =ROUND(B7/C7,2) -> 68.7
A8: Sector 44 Metro | B8: 228000 | C8: 2400 | D8: 16 | E8: 380 | F8: =ROUND(B8/C8,2) -> 95
A9: Sector 104 Gardens | B9: 146000 | C9: 1700 | D9: 0 | E9: 700 | F9: =ROUND(B9/C9,2) -> 85.88
A10: Sector 150 Sports City | B10: 172000 | C10: 2150 | D10: 13 | E10: 830 | F10: =ROUND(B10/C10,2) -> 80
A11: Sector 51 Junction | B11: 165000 | C11: 1850 | D11: 12 | E11: 760 | F11: =ROUND(B11/C11,2) -> 89.19
